vertexv,username
1,Dione
2,Marylou
3,Micheline
4,Clary
5,Charissa
6,Selia
7,Deane
8,Blinni
9,Jobi
10,Randa
11,Penelopa
12,Monika
13,Celisse
14,Nananne
15,Zia
16,Adele
17,Ebonee
18,Shel
19,Kerrin
20,Beatriz
21,Doralynne
22,Joy
23,Elmira
24,Shirlee
25,Dianemarie
26,Celene
27,Vivia
28,Halette
29,Ebonee
30,Meg
31,Blinni
32,Sheelagh
33,Wendi
34,Binny
35,Lenna
36,Dorthy
37,Natka
38,Vivia
39,Valera
40,Ebonee
41,Yolane
42,Kenna
43,Caritta
44,Shirlee
45,Tani
46,Lesly
47,Konstance
48,Maurene
49,Jerry
50,Mariele
51,Tiffie
52,Jessy
53,Pierette
54,Frieda
55,Marjie
56,Viki
57,Arlena
58,Sharlene
59,Lucille
60,Peri
61,Estell
62,Helsa
63,Orsola
64,Glynnis
65,Stevana
66,Gisela
67,Roslyn
68,Rhoda
69,Ermengarde
70,Dode
71,Blake
72,Ernesta
73,Caritta
74,Tami
75,Kenna
76,Lynea
77,Misha
78,Genovera
79,Carmela
80,Annecorinne
81,Lelah
82,Harmonia
83,Anthia
84,Harmonia
85,Teriann
86,Ottilie
87,Sue
88,Edith
89,Priscilla
90,Stevana
91,Jean
92,Berget
93,Libbie
94,Benita
95,Janenna
96,Katleen
97,Wilma
98,Odessa
99,Xylina
100,Tina
101,Amalie
102,Gilligan
103,Jasmina
104,Anestassia
105,Nelle
106,Elka
107,Damaris
108,Hannis
109,Gwyneth
110,Jaime
111,Lorenza
112,Lisette
113,Paola
114,Ardeen
115,Patricia
116,Starla
117,Dari
118,Cacilie
119,Renae
120,Sheelagh
121,Christy
122,Esmeralda
123,Sarette
124,Coral
125,Wilma
126,Gale
127,Therine
128,Codie
129,Cordi
130,Lindie
131,Riannon
132,Corry
133,Collen
134,Karlee
135,Babita
136,Judy
137,Anthia
138,Gui
139,Orsola
140,Heddie
141,Marguerite
142,Jillayne
143,Rhea
144,Pearline
145,Dawn
146,Leeanne
147,Ada
148,Dagmar
149,Marinna
150,Lolita
151,Lucy
152,Ira
153,Marsiella
154,Marline
155,Dulce
156,Liana
157,Roslyn
158,Maye
159,Stephanie
160,Elmira
161,Kara-Lynn
162,Carmencita
163,Lesly
164,Juliane
165,Inga
166,Joelly
167,Fred
168,Robbi
169,Selma
170,Donnie
171,Trudie
172,Rochette
173,Adele
174,Netty
175,Pearline
176,Damaris
177,Anthia
178,Ingrid
179,Kirbee
180,Starla
181,Ayn
182,Sonni
183,Fred
184,Binny
185,Kristina
186,Ilse
187,Frank
188,Lilith
189,Alia
190,Alejandra
191,June
192,Janey
193,Siana
194,Emmey
195,Deloria
196,Carol-Jean
197,Lita
198,Merle
199,Gisela
200,Vita
201,Randa
202,Frances
203,Vere
204,Dorene
205,Codie
206,Gwyneth
207,Roxane
208,Daphne
209,Laure
210,Katuscha
211,Georgina
212,Janey
213,Mara
214,Nananne
215,Ebonee
216,Madalyn
217,Leona
218,Lynnea
219,Rosabelle
220,Melina
221,Verla
222,Consuela
223,Diena
224,Emma
225,Jaclyn
226,Hallie
227,Betta
228,Kerrin
229,Jolyn
230,Darlleen
231,Leanna
232,Patricia
233,Alie
234,Shell
235,Ginnie
236,Molli
237,Keelia
238,Hannis
239,Randa
240,Justinn
241,June
242,Linzy
243,Ketti
244,Gusty
245,Brietta
246,Codie
247,Janenna
248,Alisha
249,Konstance
250,Natka
251,Randa
252,Wileen
253,Ruthe
254,Agathe
255,Olwen
256,Leontine
257,Charissa
258,Marylou
259,Dacia
260,Rhea
261,Korrie
262,Adelle
263,Gwyneth
264,Nananne
265,Binny
266,Deirdre
267,Petronia
268,Zia
269,Priscilla
270,Adore
271,Annabela
272,Roxane
273,Elena
274,Hettie
275,Odessa
276,Annice
277,Miquela
278,Perry
279,Linet
280,Reeba
281,Rebeca
282,Florie
283,Dolli
284,Sharlene
285,Lusa
286,Lindie
287,Daune
288,Malina
289,Gerianna
290,Quintina
291,Winifred
292,Katuscha
293,Janeczka
294,Alyssa
295,Kaja
296,Lucille
297,Helsa
298,Barbara
299,Beatriz
300,Dianemarie
301,Cecile
302,Kerrin
303,Giustina
304,Donetta
305,Karly
306,Allis
307,Carol-Jean
308,Rochette
309,Nanete
310,Ira
311,Nicoli
312,Tybie
313,Calla
314,Susette
315,Dulce
316,Suzette
317,Dacia
318,Rivalee
319,Gretal
320,Morganica
321,Celene
322,Valera
323,Helena
324,Marleah
325,Candi
326,Elvira
327,Celestyna
328,Annecorinne
329,Kylynn
330,Hope
331,Alie
332,Jemie
333,Karina
334,Gwenneth
335,Melisent
336,Anallese
337,Doralynne
338,Gale
339,Sean
340,Eve
341,Coral
342,Helsa
343,Julieta
344,Shannah
345,Fanchon
346,Natka
347,Coral
348,Gertrud
349,Jolyn
350,Maridel
351,Catrina
352,Bernie
353,Tori
354,Janeczka
355,Lelah
356,Phedra
357,Glynnis
358,Alexine
359,Sadie
360,Rebeca
361,Vinita
362,Joane
363,Suzette
364,Ariela
365,Dagmar
366,Corina
367,Kelly
368,Sidoney
369,Elena
370,Marline
371,Ellette
372,Gavrielle
373,Gianina
374,Dennie
375,Janeczka
376,Lenna
377,Esmeralda
378,Averyl
379,Sonni
380,Melina
381,Renae
382,Delilah
383,Harmonia
384,Arabel
385,Aubrie
386,Tressa
387,Henriette
388,Cathyleen
389,Kenna
390,Dulcinea
391,Hope
392,Danny
393,Gui
394,Marleah
395,Babita
396,Corry
397,Romona
398,Meghann
399,Alexine
400,Rochette
401,Joleen
402,Elsie
403,Ardys
404,Rebeca
405,Mallory
406,Dorthy
407,Nyssa
408,Kirstin
409,Lisette
410,Amii
411,Ottilie
412,Kathy
413,Mignon
414,Alejandra
415,Lauryn
416,Blondelle
417,Lila
418,Basia
419,Jessamyn
420,Shaylyn
421,Lelah
422,Ardeen
423,Gaylene
424,Inga
425,Bobbi
426,Blondelle
427,Nessie
428,Elyssa
429,Cathyleen
430,Aaren
431,Rori
432,Bobinette
433,Celene
434,Nyssa
435,Nanete
436,Kayla
437,Ginnie
438,Ana
439,Jenda
440,Bertine
441,Alejandra
442,Bernardine
443,Mignon
444,Lilith
445,Charmaine
446,Roxane
447,Harrietta
448,Ulrike
449,Michaelina
450,Kylynn
451,Ulrike
452,Myrtice
453,Linet
454,Marguerite
455,Konstance
456,Dorthy
457,Lorie
458,Stacey
459,Rebeca
460,Caryl
461,Mellicent
462,Georgetta
463,Caryl
464,Sabina
465,Jsandye
466,Kimmy
467,Odessa
468,Tami
469,Norine
470,Tabbatha
471,Brandise
472,Iseabal
473,Dari
474,Tina
475,Karina
476,Mahalia
477,Jorry
478,Raquela
479,Blondelle
480,Winifred
481,Julieta
482,Adore
483,Shaine
484,Halette
485,Hope
486,Sonni
487,Gilligan
488,Arlena
489,Cyndie
490,Mellicent
491,Zondra
492,Robbi
493,Madelle
494,Anthia
495,Willetta
496,Bobinette
497,Gianina
498,Roseline
499,Brena
500,Starla
501,Shannah
502,Suzette
503,Ardenia
504,Jere
505,Joeann
506,Corene
507,Florie
508,Jerry
509,Nanete
510,Benita
511,Ronna
512,Agnese
513,Marita
514,Jerry
515,Ernesta
516,Amalie
517,Vonny
518,Elsie
519,Courtnay
520,Marita
521,Jolyn
522,Kaja
523,Gwenneth
524,Kylynn
525,Emelina
526,Babita
527,Dorthy
528,Fidelia
529,Di
530,Christy
531,Basia
532,Glynnis
533,Carmencita
534,Oralee
535,Reeba
536,Wendi
537,Marita
538,Deedee
539,Belinda
540,Pearline
541,Aurore
542,Helena
543,Bobbi
544,Kate
545,Hettie
546,Mellicent
547,Cathie
548,Alie
549,Aili
550,Dale
551,Ariela
552,Shandie
553,Mady
554,Kate
555,Ofilia
556,Merry
557,Lorne
558,Elora
559,Cristine
560,Alisha
561,Antonietta
562,Elvira
563,Sheelagh
564,Zondra
565,Kalina
566,Tamqrah
567,Kristan
568,Lauryn
569,Nollie
570,Annaliese
571,Tracey
572,Kylynn
573,Clo
574,Max
575,Jere
576,Blake
577,Kathi
578,Rosene
579,Janey
580,Roberta
581,Lita
582,Bernie
583,Hayley
584,Janeczka
585,Silvana
586,Elise
587,Candy
588,Agnese
589,Rosene
590,Winny
591,Pollyanna
592,Jillayne
593,Tersina
594,Dione
595,Shannah
596,Margarette
597,Danny
598,Arlena
599,Gaylene
600,Bernie
601,Eadie
602,Minda
603,Margette
604,Mariann
605,Laure
606,Elena
607,Kamilah
608,Dede
609,Dennie
610,Lorenza
611,Zondra
612,Feliza
613,Fayre
614,Tabbatha
615,Brena
616,Fred
617,Ira
618,Leia
619,Peri
620,Asia
621,Leia
622,Kathi
623,Jany
624,Lynnea
625,Lonnie
626,Lesly
627,Carol-Jean
628,Ilse
629,Celisse
630,Suzette
631,Myrtice
632,Elora
633,Flory
634,Beth
635,Carlie
636,Calla
637,Maridel
638,Teriann
639,Darlleen
640,Feliza
641,Kamilah
642,Nickie
643,Calla
644,Halette
645,Mahalia
646,Tarra
647,Belinda
648,Dennie
649,Alisha
650,Joleen
651,Kathy
652,Nonnah
653,Shirlee
654,Eve
655,Gabi
656,Marsiella
657,Darlleen
658,Daune
659,Cyb
660,Coral
661,Devina
662,Fidelia
663,Blinni
664,Etta
665,Regina
666,Jessy
667,Evaleen
668,Chloris
669,Cristine
670,Aeriela
671,Juliane
672,Evita
673,Gilda
674,Edith
675,Caryl
676,Nelle
677,Karly
678,Eadie
679,Arlina
680,Chloris
681,Ira
682,Shaylyn
683,Iseabal
684,Mamie
685,Minda
686,Jessy
687,Dione
688,Darci
689,Nananne
690,Jobi
691,Noelle
692,Lolita
693,Ilse
694,Etta
695,Sadie
696,Daryl
697,Jordan
698,Marcy
699,Letizia
700,Goldie
701,Dania
702,Kore
703,Nannie
704,Annice
705,Madeleine
706,Madelle
707,Lory
708,Shandie
709,Tatiania
710,Lexine
711,Carmencita
712,Sharai
713,Candy
714,Jessy
715,Janis
716,Oona
717,Sophia
718,Tori
719,Ashlee
720,Sandie
721,Dede
722,Hildegaard
723,Jan
724,Morganica
725,Ericka
726,Frances
727,Dede
728,Kimberley
729,Rivalee
730,Claudina
731,Tomasina
732,Lulita
733,Vita
734,Trixi
735,Codie
736,Georgina
737,Nonnah
738,Ardys
739,Rosaline
740,Britni
741,Ashlee
742,Chere
743,Dulce
744,Vita
745,Maurene
746,Starla
747,Kirbee
748,Bettine
749,Odessa
750,Annora
751,Moyna
752,Amalie
753,Etta
754,Alejandra
755,Desirae
756,Ilse
757,Aili
758,Corry
759,Addia
760,Felice
761,Gabi
762,Gianina
763,Marsiella
764,Mallory
765,Nataline
766,Roxane
767,Cristabel
768,Selma
769,Belinda
770,Yetty
771,Kelly
772,Shauna
773,Madeleine
774,Zsa Zsa
775,Shirlee
776,Sherrie
777,Silvana
778,Stevana
779,Olivette
780,Ivett
781,Hyacinthe
782,Ardeen
783,Alameda
784,Bibby
785,Vivia
786,Atlanta
787,Bernardine
788,Daryl
789,Gilda
790,Doro
791,Babita
792,Gabriellia
793,Lorenza
794,Ilse
795,Cyndie
796,Gilligan
797,Mara
798,Mara
799,Dotty
800,Danika
801,Tilly
802,Goldie
803,Constance
804,Melina
805,Max
806,Deane
807,Donetta
808,Cristabel
809,Robinia
810,Alie
811,Starla
812,Vinita
813,Lynde
814,Elsie
815,Marcy
816,Fina
817,Deane
818,Olivette
819,Cissiee
820,Devina
821,Mallory
822,Gratia
823,Gavrielle
824,Dode
825,Dennie
826,Annaliese
827,Atlanta
828,Tarra
829,Karlee
830,Desirae
831,Albertina
832,Stevana
833,Philis
834,Kylynn
835,Hettie
836,Elmira
837,Fawne
838,Kara-Lynn
839,Morganica
840,Janeczka
841,Joleen
842,Mady
843,Daune
844,Nessie
845,Alleen
846,Dulce
847,Kristina
848,Regina
849,Kittie
850,Karena
851,Madeleine
852,Etta
853,Magdalena
854,Consuela
855,Merle
856,Alyssa
857,Genevra
858,Rhea
859,Asia
860,Gilligan
861,Genovera
862,Christian
863,Ethel
864,Leontine
865,Ketti
866,Roslyn
867,Imojean
868,Dacia
869,Priscilla
870,Doralynne
871,Zsa Zsa
872,Elmira
873,Fina
874,Chere
875,Malina
876,Zondra
877,Hallie
878,Ileana
879,Petronia
880,Leeanne
881,Norine
882,Janenna
883,Corene
884,Ariela
885,Drucie
886,Merry
887,Lisette
888,Cyndie
889,Annecorinne
890,Addia
891,Etta
892,Larine
893,Margalo
894,Betta
895,Tracey
896,Alie
897,Reeba
898,Rosabelle
899,Nannie
900,Anthia
901,Linzy
902,Brooks
903,Valera
904,Lynde
905,Tatiania
906,Ermengarde
907,Lory
908,Pierette
909,Melodie
910,Jacquetta
911,Lucy
912,Gusella
913,Nyssa
914,Krystle
915,Ottilie
916,Celene
917,Ardys
918,Jenda
919,Genevra
920,Corene
921,Stacey
922,Gisela
923,Alie
924,Lorie
925,Meriel
926,Stacey
927,Michaelina
928,Karina
929,Teriann
930,Olwen
931,Berta
932,Nicoli
933,Brandise
934,Valli
935,Sybille
936,Alleen
937,Edee
938,Jinny
939,Daryl
940,Robinia
941,Ursulina
942,Shannah
943,Ekaterina
944,Charissa
945,Deloria
946,Roseline
947,Olivette
948,Agathe
949,Sherrie
950,Corry
951,Ulrike
952,Britni
953,Darci
954,Chere
955,Cacilie
956,Molli
957,Millie
958,Darci
959,Charlena
960,Daphne
961,Gratia
962,Chrystel
963,Ileana
964,Aurelie
965,Bee
966,Kristina
967,Talya
968,Cordi
969,Gloria
970,Flory
971,Brana
972,Valeda
973,Cherrita
974,Farrah
975,Shaine
976,Latisha
977,Ninnetta
978,Jasmina
979,Pollyanna
980,Emmey
981,Sharlene
982,Rivalee
983,Estell
984,Perry
985,Reeba
986,Codie
987,Vita
988,Ursulina
989,Christian
990,Cyndie
991,Sherrie
992,Suzette
993,Edee
994,Lisette
995,Candi
996,Averyl
997,Lizzie
998,Philis
999,Dorene
1000,Emilia