vertexv,password
1,tzEaLqt%S&ApouxJBG
2,4nKH!zX8?jT5
3,P%RBpzjKcH7LT5
4,IfSy0kZFveJ
5,07EBc9IGOu7dcf
6,xfqHsIMp47W
7,BsaRVlys8kfE
8,QJ!*vrVZR8O1
9,Yj0!Sd@tPmw?n
10,U2oCVPDTl5r
11,VBcQ3gRE8*O
12,Co2HeXj4snnEGRbTu8
13,26KdSNGT
14,0uZOVF7pxp7%k?HN
15,XjSIiiCziDtleT
16,kVRA5woyVRR0I
17,g&i?nj3X
18,i$8FKzgQ?KNi
19,clZZ$BIOc
20,!PiDfSl?s0r
21,IAc?13B$gu
22,PcY2Kv%bNZUTzLxZ
23,%GJWFJuF8Y
24,%LYc@gF8h5x4
25,nx6TJti%ylueQ
26,19KYs7oAlXEJjF
27,7izWHziiMM6Z
28,TnoOVVLdF
29,HQApz$oMH9?ORz
30,gJWw5*aZ91c4!tVe
31,WRUOPvf39x0BFnGW
32,?%zeGm2W
33,s85$nQ5nynRx&x&
34,6fWU!GrPM9Ziqn
35,?trMRLPq%
36,%Q$0*u9I
37,&h%O$J&0B7srBN@M7A
38,9V220XwZFVXd!l
39,O24m!pok&B!
40,83EemjX*BubHCUcXJ
41,IC*E2m5YnAj%uJ
42,F@k?rPDX@v$YMPvnCH
43,lz!kRk*neR
44,JPBBTSFXMSzf3*eNj
45,nyx&*P4G4lghKv!D
46,8m2&lwq6CH8MxXr%oI
47,JLjiRy!wtEU
48,WU*OCjoeGl?s!
49,g2D?hy1vI84
50,!&49vNmDIPFbJo
51,5dAKe!dxL$pT
52,$sxtw9OkH4Pk
53,usCwATvuQ%6U
54,*ep%8Y58IFVzIVq
55,8rhR&VJ5bjUBnvwhDR
56,XB0qMojvC0S%wDV$?X
57,uBMPRArVZpcDwZ5
58,EJcwCy?hguosk
59,YdqVWJvtHs5f3
60,wiiM!w&V
61,j3v!INi2A
62,rZgZMuH7R8Z!K$%
63,bSBX?lmBysy5W
64,yhPh2X$qfnhsS
65,xh&N%Hev@L6
66,aEizDWt@nDLfa$Jxt
67,4Lg8?Cbj%$EERL
68,VX%LjKrp7BGqiw
69,da6%m9i$tqp
70,C!&HspfuhxfRI
71,qIr!EKMQKAg2
72,x9L!TPjiFZJn0O
73,$3v1@Jog
74,E$ied213ej9v%Q7$bB
75,sz7GHTk5vQWlAm
76,v8bGS$bXJI
77,FHiGdeavFiQa
78,Bq4ji9L5OQXwQXH%
79,A$njDMEPn
80,k$KW&5HdN
81,7wR5!0h7N*
82,tfUUBn6nGfZA
83,PmH%6VTwD1IELUl
84,ZCunBDWFMIkyr8
85,@k4QAX%ezsrHTjnPo
86,&9DRzhvg4HC?XLTzE
87,oLRpaAiV
88,c9PPlKBrM8I$%Jc
89,xwye&4k@4tsk!l!R
90,gWSiy43qetC@7Eg3
91,aN$JA5RxvMJDVqP
92,oo7Dq%b5qoZ
93,38QFabG5TD
94,C6c14A8xM6TRhXsR
95,Iie9gukWEF%Z?2y*!E
96,Rg*B0lFGLuJU0oL
97,cen6?PzgBqi6Y3
98,lWuMyXlvPs&Ya?WMaq
99,fVNe8OeG?3K1dIw
100,Khm7Hpay
101,V?jTySXN
102,4TObdP2QmuBj
103,CHTiDstR
104,fWj@TAtrY!DONdrtX
105,&y8&zMZ6%En3qpYp1G
106,!Gf@7R0$8
107,&arXXYvV3
108,w@Zru6p4vWpHrk
109,8@!9YMwJ
110,ibcy%7l9Gfd?9MLM@
111,C3%Bg6QB@d
112,1WCkoAZCuhSiNbUkX7
113,9b?H1y@QSrea1PJu3
114,ZNM2LDj6KxC8k
115,xtRjgdKm2
116,Rv!$M?1W@t1
117,WK!hGNM!
118,9pWDd&E9gQY%
119,ov0SriXKLl
120,$6QErpUQcKWYi?&w*7
121,iv0wQVTiQed
122,imi3O0t&0d6374Mnxv
123,NgE6EjbyR5g31@U7Dt
124,pCpjA4N!
125,&52&km%8PcASc68
126,rj@gyo&9?ZNWD01w$*
127,f8?H17JKoWm
128,yOFu7d$TK*M
129,cvvFHIFBaIyQqB
130,To4aOvm8V9p0
131,R43CG1qM&
132,?SukoWGw!CQ*Jal
133,!O8MY4LNDClv8
134,MtZ9pulYdb
135,U6*BZK1?3K!8kSI
136,Uu9jsIFUF$D
137,AwlJKtNnip8RoM
138,rlgAPrFI
139,CUf0h!XN?2
140,CJZ@!PT9U1Cc
141,o6xd2eymV
142,xTrsiPUmRL8UYi
143,7wT9YScPdXf
144,tqY9ZGLV
145,8tqp@$UuC0t!yc
146,WDnwQr0$k0f
147,w!2!OkP$w
148,RQ2PRrO6
149,UCEG7G0Sj
150,?na8z6edcR5t7
151,X&F?uHvf&7dXMk
152,m*Sa5e%?dBuxWLRfU9
153,qv0aTfA9d!5knTJQa3
154,2%b488QiSL
155,HK?Wny4VVSeE
156,b%krb6ejI&UB
157,?9BbgdAVkho
158,mUDZ2LqtxNv5TXs
159,*HdhqV$F
160,qhz@GccyTuiq
161,MFEcBXtoEt2wSNVKR
162,X1Df6hvGLS&
163,baLNfsMv3
164,zWppbOJ8jwUSLX4
165,bny@pG5U@V4j1es%
166,LgFI9PcT7KT
167,CxUYgX8Cf
168,0j%I3YN96Ue
169,Eb2ZAUuwXF@@g
170,gYOb1IkPc*fa0Ox
171,Dz2M5kQO
172,1h3mA8uTh
173,KM9m@ANf&yzry$8jK5
174,Ii8&2*GJ
175,cOL1eSnGqOmy
176,8VzXjdmxe*OwTx
177,wJZw7X1UfC*l&djnD
178,pP!D4F@yXTu!TngM
179,HIfpdqC$$N@Km3
180,XojK!mgLpU
181,rKxdQFwDjay7C
182,6nkI3$h$HozHGH
183,UQrcO7E6?P8a&?
184,KR4vWhdxa9v
185,youP5GmR$7b3fMmE
186,gRQMfhb$85dNSSYe&3
187,0SyDgnADb@g0A0*M
188,%@O$G?An
189,6b6OBe&Skzx
190,CuJ@tXxyDI@oHJfe
191,ERg0GFnpBYY2
192,uOWSaY8eriH9l&
193,BNik!xkIlMK%rmb
194,pMR@7l3Am
195,pVCluZAfe1h
196,rCH!unVtrf6ysJpsdu
197,eCta*4eVX
198,!tIWdzCJtOYlCK
199,KllCucju6UQ9
200,Ex7xOEJF9
201,GahoncEumeaw6
202,y0wQD47@
203,Rgv0ouyxxB4F
204,Pqn37IjunNW
205,oU4U9H2jo?XLOz
206,7QBSXgsMppM$6G
207,qLpqqWnML1fIcSL5Y
208,yzULp115Koqhbg
209,x3??xuvVD?!zM
210,nP!3jNBxrQ
211,x*vhvr2Qa$dG9eg
212,84?6RvolQzE5Wi
213,vr3TIpN59K*NAZq
214,iJF6UylE
215,Qfy3ETq$ksNL
216,y@kABH4NO$8
217,3W9S?bq%w@Zgz
218,IHv@?b6@r
219,eq1Uguyscr
220,dFViGkCXtN
221,WadiG&2h6dTGF
222,XP4UWeebkq!WQ5$
223,W9l5pyjKx11FDQKgi
224,0jhehAvYpOpc4M
225,vetQRl!$Z@b@l!lOr*
226,S%RMj6u?VsLzXuhY
227,i0saN9juKxL@B
228,NLK4p%!gJz
229,*Eo47FYTDmgemx
230,1%EmVtvP!!K
231,o7torx3K6Yrq
232,5isAL7DhDDF
233,WyGRubJ%
234,QSu9bkNaAz
235,FpFS$a1xho
236,X$ttAruMGUR
237,50Ff8a9V?ElKe7Z
238,xTcuo!yIVpA3cGUq8
239,5tBaZq!GMc
240,rODS?LQzb9r
241,z@XoL4WYxd!G1
242,q@QfPibKMc
243,eCuxuidby
244,1G8itDjVeTP
245,uEuk8h!0
246,J6w*TtRmJB&
247,6&yXD?1Uwo0H$&
248,*gw8MB!yb8pZ9Q9Qw
249,%h9%98$l
250,FC2YXN98
251,j8@qWAe$TMv@MCf1
252,cZC5y8Z0ucr
253,*6O*IZSgr&pJZls
254,QT*3$3*$lg&OPCvPPn
255,V@WeIxN3JSM*Sd$
256,O$36u$6@IZy9ff
257,UTpsjHpJ
258,v&T%9e46Yw%l2k1Ad
259,FJbz2dcSQGTj
260,OoPv!YkZnpbsrXW
261,Q?@J&?8wzKk7FlP&Kd
262,h1D5&V4st49L
263,16U%MUWWw
264,$dJ2Tiet88CGxgT8
265,N6pLXD!XpUz
266,?mFj3aiwG
267,e3lT*F2DkVlYi5E&9I
268,eEFxSMwxM0vRnsxAyJ
269,Y6EpS8nWL
270,7918dOLFd$IStYwDg5
271,x08JPp6HS6ALLAl
272,xUwx?WJsJ3%Pr
273,a0zFu1Cz1ht
274,VewbSH%3
275,B7nt3BxdSLbIrf99I
276,AzNSJOJJ8TpL0n1dp
277,EZ@vvYFpOkqC9GpXMq
278,Gmu!%9$ao$P
279,0AB!XNZ!COp@V8eY%
280,USOFNdfQh
281,Xt3duBUIlX7O3*iI
282,EaKo4%h?9!
283,1Ky8vA2j5
284,I$EejpDEGO3OiQ!
285,J%ibYkKOWE
286,Z?5bH$%G5
287,3%0b%Yd8l
288,CB6Qxgw45
289,!v4ZpBKTQHNGMprX9
290,PXabxJdijHK5cVFORG
291,74ckaXa$
292,SM!kJFlwTPaXAtwq
293,J!8n4I9m
294,NeNRQbaaTtBwpWaA
295,Gz@fC9@dT
296,3vpT?mx3L?ZLoNJmbo
297,T*1G4A7F
298,I8jZ2VLV4btNrA@hQh
299,?GoROY$cZW
300,F0FCdIxwKKu5c1H
301,DmwftR6&
302,QifnK4jVH
303,GhX?lbq72NnSnaN$
304,$!yjtERr0cBT?h!MJ
305,f0FvX*SJu
306,AQi0YTTT%*
307,jEVp46pUXAof
308,cIVeU*x!9rkUOAA7
309,67SaN4LqT
310,UwoJHwQbN
311,vJEJx1H%Io
312,R0&0lrJS6SX&@IM
313,bQi5IoToD
314,qkr@upN5*GvLA
315,lhB7*Cm3VG7
316,c1rMNU1GbrHSOL
317,7uRE2Cjn@kOmjByjle
318,WoqQi$FSb
319,&9kOXt%L7CG8
320,77oF@a2Cwlbo4
321,NB6be!pMptEzjwnO2
322,*Ee6pcg!Bw0H6Ul$zA
323,AqeSN&rZLCJtdlYlaq
324,oeFHSTmSoyslC
325,5$GQacOy9cUS*kCG
326,dOtD33BDAp5uuM@8U
327,z!NAtj?wuNyDoNY$j4
328,Yje9m4EsP*HDnIGAq
329,5uoIwL1f
330,2FY8bP?bn*B5aT
331,O8K?XfRc
332,HouBjjwa
333,rhgd5KKevv5WkB6B
334,pOaxWPm3WL!%BOSSAr
335,rsA2RIVPSicEQy
336,wCwv!Q8?WLUiorq%
337,VLH9lQcJ
338,OaoOL9KCPSh9Uzql
339,cpgv%u%0GajH
340,X5ldQ5xGguAjQ6
341,KfPVOVIK@Zjrk
342,mh7PN5dZ?vSEAP
343,&PVDEk%0
344,dEN&N1wxIWMrfaJn
345,vp!jtT3PU
346,z2lNyKwjN9K%
347,7jj9qQAtDaeWj91
348,pj?pbgNmh@p4Z2O4t9
349,iY29hxsD
350,RKeJcUrLE4tKB*vp
351,95XesG6yZV
352,*2HgpcrtUu!K%y
353,Y9ylNmIzs%IvAri$za
354,V?h9qyCvxm&Ok
355,U9t$EbxldNO4UYwv2
356,Vrcn85Wv@%Md3%
357,OfI1mJReKZLL%@
358,EZB%GJVK4iF@*1V2
359,OGhElbXMZUdTZ
360,ponHlDvvgB
361,19J9uui4wIfNEQy
362,G@4&E%tomNh4Lr
363,EIr&YT@vL
364,IiG48I5G%$OjWSUK
365,FvTPLkZD
366,d$1@cPHv@Pn
367,pGKYzLuXR
368,IIy3%H25Zq&KxXEfF
369,?M1rKu7&3Mbh
370,0Mgc9SRBj1
371,tbTd@zMyeNe
372,YDfnyFB5JMGa3o8L8n
373,jWwdwRd8ap7
374,t34YD2Zaog3JCpY
375,j*0P3rVvF5M
376,WTSUQs*7P2S8Aw9Li
377,AUS$bv%AM0c?OzCM
378,6Roy0AAfXyCdd
379,zRQ!GQeOWZgl
380,!Y3xiwawIM1MrK?Bw%
381,jEfI8&6bj7
382,HN6K5Xuq
383,wj8$EXtyDv7
384,3CqeeJKKace
385,D*5QSdEHf%m*Xub
386,s&gUsY35h
387,K?dDICI5E7w
388,1ccRy@U7xNKa
389,MN4IQpnXne
390,@e?6GMmNQ6$UD7?
391,hPLOEtRnWaH
392,4QHBTOtQYu1IgOl0z
393,LxtX*vCXr@oPPRe
394,C4nMcwAgz
395,VhZAMLYcYwNkV?6
396,g7mXVbv$
397,BUK8UG$Tbk5
398,4VLlfJ6D$x0rNahSGB
399,B63FgnZHFc8*qL
400,dAcEix?ObkJAim71Lc
401,dXSwPVz6rFUJ%doX
402,OH$V@yGE9qNJxIL
403,EWbqs9s4xc8
404,elMIlW0you$W@u%7
405,d41yihX$7J3w%2VwhB
406,ymaZ@Tfr7j9wc
407,jnMTJchh
408,vX&MqJVd8
409,EgwHDkcLyy!IC6K%3
410,B%&nE9CxRMXtAQlHuG
411,EFxo%fuG%pBfD0vC
412,8FoqXwf6
413,pl2mSB3WF
414,V&$I&hAuPsv5wKI3W
415,pGGj?jbFLV*VrzN8sG
416,RTWVsg!4n%eKW
417,YpByIVe9
418,lval*h3GLc
419,3Pu4cWn*dONZSW
420,OSFQyGHlCwu%!ci
421,qEg*xCb!tS78MA
422,b!NL3Lrme&yV3u@8Q
423,coxnOuiBywEu8s
424,cW1CZc50D?b$vF
425,irEInfvgZ@p3H
426,vq7mtWn6U
427,GxLBFI%ugkN?b0Bi
428,l7vWQludl
429,gVYY?n*nTi*xud$u
430,Jbk*w5rS
431,cvo7m28UyK4H
432,s03h$Egy@$
433,Lw?XB2*o
434,Vi!pbcilzcRptz
435,TcFXMKhe2&Njm
436,TDcXktS4
437,M2RRef%N*W
438,*!*W3o*%ZcDHT9Q5j
439,EmzZW?vfSDPDoRQ
440,*l4k5jshsxvDj8Pbe
441,1$cE2SaN@MYLL
442,%QBg4MUo
443,2jm6F6kQrBN&JdG
444,TL7G7$aPYi3
445,skL9hMd&q3Ed*1KM
446,qaZtc52sO!OYVe
447,nvIIgIkf
448,sjeZ@qMf7fPW3
449,I&lQSxjtWfYw&KS
450,FEAZhnZN
451,nM5i4kP7I?7@z2lwa
452,QdQgNIuqKCDeS!A5C
453,2adM%6nmJHb
454,DPFFzvlRN!Vxwb6
455,TtLa7bYYE&7W$pON
456,e!pjiiVK9A5bwiGH
457,nDxGZ3DZI$
458,cbvxNRWu$q706Jim
459,bzfLRNPn&Kh5
460,HQbQt2%NgVI0bX
461,$ECPM5C@eAISv1Lh
462,aFGmJ?hRDK8@mw
463,BlHCDDGR63
464,Fewp@qZ&Ogvev4eHS
465,WJe*JyMSpfsIVj7*tJ
466,*Gb$%7ivpNLruJH
467,FRJ%zXB*i
468,J9B5R@*YN*o
469,tVIPqn%aPJaf3rbg
470,E7zW2LSPZe
471,IRSpKwM8iGmL
472,mtXKUHFtcZPcYWLg
473,d9HSds%2Z
474,4ENN1%h3
475,WgIpEHmOZT
476,xBd1cFawRQpOK
477,Q9n4tsp9
478,J7sK*LVYJds08?p
479,0PC?A5u0RfQ
480,CdXhKkhpYI
481,o1pl1yAta*y9fRy3
482,Gyo0!8GV71tFT9
483,wgBF!4m4VRIKUR@$B
484,Mi99sW$8EJE!7
485,e7Tl1Wb5fjQ
486,C!2qn6hpd2Xi
487,@rmEy13HjG
488,tM4g8GO5PyxNvxJj$
489,OVMeJ?JW
490,8XXm1u35Q3Gw1!
491,brop94A6ps7Y
492,Zl@Z5FSjZkw*SocYyf
493,xRNB4Rl00ZVBgw7
494,8!4S3XzPr8artQs
495,0bv4jfoTQG
496,0cfN8uprt
497,3bGaU&3g*e41x
498,nORF09Iwm
499,NTtxXFQNkfY
500,yInerBYcFYWM!hCEmy
501,*gzHTquB5
502,0fIws$7lKMPUm
503,Ad%n*39WYa7
504,C&!!z67mt01We
505,jhys&mGFYU
506,5@x*nWtOOuYF2z
507,HfQepem3AeI
508,Ley3XWPK
509,5YwidPw$7!rs!
510,JX%twyp7
511,kd%fU%7Iqa%mQ$M
512,WuKu*w@%eADi
513,1l0fHAXRy
514,QEhN!CfGxJ$e
515,iXrqE7Ex4&6gsdln%B
516,j973U5cEV&XsODO
517,xz9QoD*btmQVfko2
518,35VrtK3o
519,q1%XbNDW!iYKZE@kf0
520,a9pJpBp*BmPPPM
521,dlF!$Om1Da
522,OKpCwW?6F
523,dJqi90YG
524,gcN?EGUp
525,GCtI?N*5WSmKs?
526,BFBD$kucyH
527,Y5IcQnExeqYZOR
528,16HPfzM?kD*5vCvv
529,zB@95hMEys
530,kWztV98JS9*epk
531,joRNCkR45Fsh!N
532,mlzi8$oyBy&QwPtkm
533,h%R!Cf1ENo3m*f4hr4
534,$6ZwMH7V
535,f%!EDrd4h9
536,f&iJggzEESKRd9w2
537,lHilo0DShGCKcIMNO
538,dHkXQMyjWJcu
539,RK4a%JKkr643
540,4%PVu!&6ufgPw
541,Q%SfrV$uis!h5@
542,0fi177h&P
543,7?wgtQwvAd4JxU
544,3YeT5pRsl%jb
545,tu93@7S%UgjKC
546,e?tMRzufsqTObQI
547,b6QF?gDkAQ6zG$
548,wmhwbJ9BJH0abnz$g
549,7$%lg2VqFK
550,ECq%ZCOO&c
551,GogoeSAk
552,OO?eGd5jJf@
553,@t?6BODDVRnifUC
554,whEF4&l?uMK23Jr*O
555,l4jPTL4KQidIXC*Q
556,Zsxbas7zkZO
557,VFZlq8Nke
558,PBbRVhtDzmsg
559,C3ldkR!61WaU&lV@5
560,@ygejS68EG2goeYE
561,wIIHWLx*LaKrP
562,VggLoY6KnT5mYN$x$M
563,KAF8W8hGLiH
564,QZwRNI*H
565,$?%@?0am
566,$RrtX4*m2E1dGRH
567,FTR3*2d2ncF6X
568,%%td*9ad7lPCs9!zYf
569,zePsOfsqaj7m&p
570,MvskZ194wE
571,zgY2THP4
572,eSWp5UEyBr
573,?@?We4M4l
574,@rz?0L94I0l2eKb
575,AuU@$nmeLPc5WEb
576,r8ILa4tu*V31FFK
577,Vt%?axNwbHJi
578,8Si*I731rZwiYzatk
579,vTwzYG8kB@gK6fXib
580,M8JT@DTwV
581,FcIEy2e0iSP
582,bqnnJZ9b9Y7lRMC&
583,k5DQh&vwPS?Kr
584,6bQoWam!1!JyLNO80
585,rZWZ6e!8
586,ZXTO3kel
587,nKAiBJUg0cOu?tL
588,Ja&nMO2L
589,2MLgDvuZ4mNge
590,HuXc33PLGk@uqnHhX
591,Lm&ibNxAInyPg$!e
592,a6FSfcTvJ
593,ZDufMdKnu
594,nr?TnlegS7aVt
595,QY0Kh6@h
596,ByQ3SZTt2
597,Cf4IGsXMpodsFc
598,CwfHZyzGJu&XwGBaIf
599,y7pbvFMAH8X
600,*g&2Oi6?HY
601,EDBLxtfZFn&
602,IDFMn6@bOOaHh?c&M0
603,FpITS*pQqj52E
604,$D471AcdS3z
605,lVgK@7XFu$!MPuN0y
606,WD$s*7FGn4P$6Z
607,&wbCtCgkVzq?LFr?id
608,!X@nlFYT5
609,Nxvm%vAmq8
610,dL6NAnTJtzOTPgI$
611,P?9dPSOc&
612,m9nwc!rkda?C$S&E1
613,kFZ*vD9COQN3O
614,?hyz$Z@f
615,Z2c$Pq36YM@yd*Tc
616,2oPxlE0*!zXS9sfR
617,f*H9!N&zMa5kv*HDh
618,R0?VZAe!kDUN5y
619,qu?5hvPDbY
620,QWS*knXoRpjBB&
621,T?s27ZcDdjk7VBfO@
622,Pw*yHSccf
623,3rMjIZvo4h
624,yaOx*mA!PTlZ!
625,q!09?8uIDmj36ls
626,?P5@IXWClY9499NQU
627,E&jYTuwcapLMC
628,jJaR72tmwTVHStBs?a
629,8V4ptxJLTFnVnjJx
630,Se$7!yE24wsvtG
631,C@9mzNY%Cw4
632,8sBi3ZsM0nTH
633,6uvc*AiDcW
634,TtGcjAwh88h?B9Gw
635,%4?qbx&y2u
636,nz?r0V5M2Uxj
637,D2FzDc1Njw
638,XN!H4447X0OtNApjMA
639,6l5u5ue5m@7&8
640,&s9y@gUTOVkHK*Zl2
641,v1$pswyPwA@h@1
642,WeiD!TFpw!5H$NawB
643,!MfVg&x3g
644,M%P!kxFIYvCwtzs7R@
645,XZT9%&WJJ
646,!ikZbLFDb2KMhb%n
647,x!iS65vKYWcjdJwVG%
648,z!ZeZRL6&Zt
649,X3YOSAU@
650,dT!hZb@yV
651,TKLV5gnNvDp25gwLfz
652,KF@%zIaZm186y
653,X92v?FIBB9bEm!EgK
654,K?IN9IDWpIT
655,2gfiJNy8rM@
656,lG0Q&xLLndURr
657,U82en4EZ
658,4MvOQ!@VqgvHu0hWP
659,64Ieg*CR
660,&HV3RwGv2nHtFwU*C
661,Y*yDMT!avCvX9ruv
662,C3@UVHaBk0Pkj2cdF
663,%OXUpvzs$DnK6iq9R
664,Q8A4&9ts5&MR
665,Iya3FCSqV&iP$4
666,?*z*3waY
667,P0%GpIKHvk8kl%
668,o2Nz1vaS&0Yan6E
669,5*d5@FWGY89
670,bM2NF08$i!P
671,k4$2BSIKP1TWnnSulg
672,MSPv$%J30$9*L
673,C!6ON%y?m1XHPyD?z8
674,I@33BvXJbBQ7
675,hWRIt%UCbQydm3F
676,SlLVk1g7Hb
677,d9v2W?ysabhqeTsveu
678,Y1BVUVAQCfRr*baW!
679,t&27FQnk3H7T82@
680,Fs6?%wW9w!
681,4MzuzvPoH9DaJ6RF$v
682,Sr9LPsJWjbE7&8t
683,cua%XIwiV4cEtrsC6
684,9aEzdQ3BBJb0Wb%R
685,No2YTR?q9ddKC%U
686,8MK?6UjN
687,TYQy7Gdtz@7i56zkYV
688,TiJ1aP!f!JWNsk2
689,Uoc*PxV56Py
690,H8H9fOp7
691,?BTGshGobVoZ8
692,Vu7K5zldHz0zVpLhI
693,cZ3Ja7xKMWPe
694,A1ckoVgf%
695,vJg4aRW%ad$R4i6
696,p8YnxagsQGa04r6
697,N3COGRfuTFstWS7&r
698,h7fw9nxq8Omo0S
699,ez1gXPiE!kjHAmwB
700,MjNZR4Ue52LP8h
701,ngu6&K7JW
702,KCTMmd%HpOUnuaQbHI
703,@mDL&@Ymh&Z19o
704,IRi$kaD%0WhLuh1y
705,bW?vKIp?mlkp@&xjGk
706,IaGHWre6NwvwhzS
707,ToCd!4NA
708,UJssrAAL!Sq
709,7H&5foLw!%sRCvsn
710,0OzfKWsAC@bMat$f
711,gCYklnTYQwWwILy
712,i!up%!RMoYG
713,CZ9C7zboaDDztLpKOL
714,zxi1Cri@6Jc$
715,FeznoDlMDPMY
716,AU6owk3Iv!nrXb4
717,8vB71XTd2hxC
718,kbud&43bZ?
719,v0bo1wbWM
720,I8ijYf&w@aSj
721,CXoBpnfS$@P
722,TxTCU!JK
723,?$4%RhLMGmXf5E
724,d4tTjinqDUcuj
725,QZiNc@DCA
726,d0PkP6yjP@
727,IV4UVlgrvqv
728,ztGuw3K?3Q
729,VhwbdZpoi
730,wjr00mazXT?RXdU5
731,oIyZ2cHds!BzBa
732,lZCqmXH7&54WbE
733,nOmv@qlT
734,vzZ!O8dtaw%P8&an3f
735,5%k*fjX*ygHNV0DzcY
736,zyhdIWJS
737,pzCtcqHaPViHT!Yq
738,uHaOmWSZCco1CsMwrJ
739,HJ3v!qmbx
740,cVauo22s?c?&Tc
741,e!S5hk5DrT
742,MXwW4q3uPtG
743,rB2f31AJA
744,KX0ejng2QrhbxC
745,ZyrAr5G**%z8d5
746,YQiH0h7SATR0
747,O9I@vfLdJDh0w
748,bq!tBDnZorYr
749,YpVEckUF*9kaZmbj&i
750,w8amyBCmKJQfE9jW4H
751,tZj6bXkV&7Ms
752,gOg&$x*CBFM&UBa@p
753,QrdRCf6d
754,L%BobKCPBzH9Whd
755,LxCg*UH0ijNFS%$Z$h
756,9bh*V3go$Gb?&qV
757,Q&v690*GQWY@c5R2K
758,?&l*Bv%CuW9JW%gk$
759,M5hn*rbp13
760,EED0O2SqE8I0KUrz
761,CiJxEDQhu2o
762,fQV20imDO6
763,u&wLAR3tS
764,EAFb8FEv&sdTTW
765,T1mkFsdVG&YW!J$JyO
766,VHnMn8U@dzW2%Y7eK
767,14aCA%$E6G4hXhjiBd
768,Bz%%5X7%p7JG$cie
769,Lv@PNaus
770,pGVzB3RBqPoE
771,rF%Pukbj3L4K
772,Ixv&@WWm
773,o2cg@f&xDPCevQg
774,?salYLERElR5A
775,aUZntsqMEM
776,apnliVkp
777,uIRDZV52L
778,b3aU7%*7
779,5TDhprmI
780,xVvv6abumeM2NtyFx?
781,AN7Yry5N2
782,LPqcLYv@n%x1p
783,PFyUVh%BYz
784,&C!!?XoS9UNQZWi
785,Q8%TY!B*4tKitggEAb
786,yhuTJfg8r5t40Z
787,TMJTa$QdIJ*!h4
788,2XIkj3j@
789,cOYphfcwYW
790,TveZaw*nD2jPF
791,KyiUDA7rLGJedBqj
792,c1?fblyz!Ml$6AhdMt
793,YRdNYzU4u%y?W
794,c!UUuv27XF3vwnA$
795,tqqI?s8Xxo
796,0leysc8F!0IT6iJF
797,QEZIVAQRyi
798,Hui*QKgt
799,Wsq5fpL9zlx%U&nxc
800,v6ABwgUOO
801,AaOOlWIXfbIp
802,Z31Q&p2zvJ
803,az&GMQt60Mh!3X1kHn
804,@CeZGahVi
805,LRJgQcE4yu9cHim
806,eyZ8CyfY
807,SmXkLHunIkxMg
808,T!9Ta@$@6%CuCIM3NJ
809,O7@KKA@vwNfrbnD$X
810,Kr567$0&
811,fkfulor8wZdkc!UHt
812,pjh4ryE*
813,IpozgWb!EkLapIX
814,T?Lkj0b?2
815,BDh@clTD5$FRVgJ
816,1tSFP*D!oRhjfJ*H0H
817,IKWg2mJEFC31o0
818,o!34Vo4s!1Mu7
819,rrtPq&A7bSJG1%d
820,xIfdgQLYGCJL6r
821,zz0*e3*fVD
822,Dmz!Nv0Ceolju6
823,4Em2tQos2q7sPmLs
824,nEx%zUhQCmbX
825,5SP2j8uV!
826,adH5yuMQw5jSzV
827,2gq!643Sp3
828,Lk$*fBbu?y
829,PuuXO0uHy
830,esMVd7tU8
831,U9Js9E9s
832,DsxAs4fa6M0T
833,IxH?F@wMtDe!
834,s41hannS7JT
835,71hSvUh&
836,iMS@WTIT&Vd
837,mGKWERDx
838,PR@AjLwLvmJ
839,!hZFj7L*C
840,s%HGkMGnB?gwIV
841,LJipjFR20d&7qaM
842,IaT2vUaqLG4F9dV
843,%uqonjjkrcg@jVb
844,ouX&Eu!cnd21Afr
845,l0b51sguucH0UXzC
846,s3k0e2@vtSd!
847,qn*e*39i@G$iF
848,izQ?a*jq7$h0B0R@0
849,eCxm8b9r?0o9Pt$
850,gKLv@i05Xpqp8&Hh
851,AGq9YrKAN?ou@X@V
852,W6h3!4A2HIYiM
853,EMbecFFLd&
854,r2mhR2dhABg814rVTG
855,9XlkI2uaV44%foDfz
856,nlr$gk5pJ?hWU7fGhC
857,H3VT&!js2Utqb6
858,77&ifMaZ&xC@
859,LseGEp39j6
860,z5HTvSm8pN
861,%xtZNX&2W
862,U9oY!oE!%f6
863,WPj67EY1iA9v%XsQ
864,%*S1y*a!35
865,kv$X%kPIS18zsO
866,qQfbp00jaai3gfCO&
867,x2*ZdT&Le
868,C9cs3YFer%
869,K2JKPr1XFasz%LZ
870,1jhibiE!JMEVv
871,mds3FG6ElgMr
872,ngChZ5pf$a1zUF
873,8nsMF5PChmOd*zp
874,F5o?rwC@
875,2tHuDUbyYO
876,$u3s@fglA&fXz
877,v&ppSlcLOxEA
878,xGOTN$tdHJD&
879,AEt!ad3uf*VWhBl9ge
880,L!akgBVlBWH&wipP
881,7RDCfVVLEL*N7
882,Y0U8AeiplhI?
883,Ala&dIeM
884,gy1VIff7ohSMrlIYh
885,LeTVF5Ijn9P
886,b8HoFSr&N4TS
887,XC2aYaFIkLuw
888,xq3fk&AIGP
889,yTPkgehl1?3!C
890,@PGZpYX8
891,%Z?8RRbxMGKz9
892,CRB4nKG0A
893,mDm*5yY0byd
894,4BusJ*sdpZuUYntrvd
895,a$4Jtt5!66wcs%
896,9%BXx1Vblm7
897,?Ei!aKz2TnH
898,NZzYoUf*0ZTI?Z
899,wjp0X?y!1EZ&Le2ie
900,97D!1iU!Jz*7!E4
901,62DT!e6b
902,gBw%62W9aZBmw
903,3WT9eHveoszGP2
904,BdTNp7gag*nBB9
905,8dkl70MIk%nBs6gTVz
906,y@aa&DxW
907,1jjvlxS&GxAIO
908,MrJZ6z!V
909,G%VpJRF1E
910,cmHfN6q01FG%O
911,hZhewCtWdUUh
912,umtGwn%q3?O1h
913,LP@LDxrMf1am
914,%5OBWhjyG
915,KKC7qM!1$c2gKmAV8
916,Ktm$T4%obA
917,ClxLyc@P
918,?ob2DUgOt
919,rb&ck5tz76sIYkDa@
920,!NeNjkK4
921,8!r0D$a&BPFV3
922,Xcyslv%Wl5
923,2zbvttCO8rC
924,*1Fm8SwwHe?j2m8E?
925,MiHR0usc6RWPv9
926,jk7Ul6!T0qm
927,5L!4*%ux8Gc
928,tNg?yhS7mE
929,S2eJI9eaTA*Z
930,jG*EyqHCy
931,IIjO9b2czeC5JNH
932,@!JUlxnzQe*
933,dS$h5N%JCh4uDPJ
934,$!7cHen777z
935,o!gS*SaOK6lA
936,%eLE4rF*1QGW8rkpM
937,lwijeOBHcNym9P
938,FC?iX3p7U32h4D
939,4I7xgGKssZg
940,zC8g%9f1
941,MYver2wlK%Hl
942,0qiIri$F0DhNwllh
943,!S0BiOeq95QDwf
944,JdAQqwQ9Hj
945,ygj8luKwHTKGHYC0v
946,5BDxTtuuDFteZw?$2
947,s*mFU3Y7r3!AXCAJ
948,AA*$1W@SQnCQ&9kQ
949,g$zm9up34KitCW%
950,TI9KDO@V
951,D20?%$BlnGZO
952,@AWf6HHQ1l4uM4
953,KcvR&SY3S
954,cD*3seuPAd%hg5OSZW
955,391l$c4t*M
956,z@8Y!9x9YmJO4NBB7
957,?Livn6dPJC4K1p3CW
958,Z0wZhGdWMr*fCi4eVL
959,!cTAh1SDZ408u9mL
960,EqcS9e$*Pc*
961,gRiZG77j4qt
962,l83hXOrr*PY*LcZkj
963,Dcw7BScOK
964,yshEc4?udh@L
965,6CgAbsKKJ*B
966,zxEHFq61P7J
967,NKoxB7Zw@efz5i$5
968,iTmiuChtHLr
969,K1Q&V92n0NmWEBk92
970,w&iRPk73
971,G%mtA*OaFXQ
972,ue0ijVUA?H$
973,UOJ?K?pNIbl
974,B5Jgv&r!p
975,@2F*xxrQFOAAldDQ
976,U7pDE3XdGslQPJH3A
977,nJNSuDQNNd*kE%NcZg
978,mj9L!9FZI8s2UJuDI
979,o*wSO206
980,al6YA%H5@6MB@oT
981,WXX9x@FNmRc
982,j?vj!QeZ
983,Ld&3Ini9O
984,fZybEI?C0zf
985,iZJ*q0A%pb
986,Q1Qdo24FDHL
987,tU*U?g&Af
988,$95tUbmCzElh2
989,pl4aaaUx@Ph!M
990,Y!QPjxk92
991,!P1dUptB4LCz1
992,Z8D7rkw%zhNRN2U
993,eUnMvq3cq0NiAOf1
994,y18pYW6VG3y
995,dliYP@p&UIIvE10
996,NQUnGY!F
997,Z4Vfz&xYQw4dMmPhi
998,YrDHIBBNp
999,v%uY&zQF7dCL
1000,EW&EE4q3i6